{
    "eventName":"International Women's Day 2019",
    "themeTitle":"Lift as you Climb",
    "navTitle":"IWD Jalandhar",
    "registrationLink":"https://www.google.com/forms/about/",
    "chapterName":"GDG Jalandhar",
    "eventLogo":"https://www.womentechmakers.com/static/images/wtm-icon@2x.png",
    "eventDes":"International Women's Day (IWD) is marked on March 8th every year. In different regions, the focus of celebrations ranges from general respect and appreciation for women to a celebration of women's economic, political, and social achievements.",
    "aboutWTMProgram":"Women Techmakers is a program created by Google to celebrate International Women's Day and to highlight the talent of women in technology. In 2019, we’re organizing the fourth edition in Montreal as part of the special event The Women Techmakers Global Event Series Celebrating International Women’s Day (WTM IWD).",
    "chapterMeetupLink":"https://www.meetup.com/GDG-Jalandhar",
    "eventMeetupLink" : "https://www.meetup.com/GDG-Jalandhar/events/253165595/",
    "eventDate" : "31st March",
    "eventTime" : "09 am to 5.30 pm",
    "eventVenue" : "Venue Name, Jalandhar",
    "email":"gdgjalandhar@gmail.com",
    "followLinks":{
        "facebook":"https://www.facebook.com/GDGJalandhar/",
        "twitter":"https://twitter.com/gdgjalandhar"
    },
    "hashTag" : [
        {
            "name" : "#GDGJalandhar"
        },
        {
            "name" : "#WTMJalandhar"
        },
        {
            "name" : "#GDG"
        },
        {
            "name" : "#WTM"
        }
    ],
    "stats":[
        {
            "name":"Sessions",
            "des":"3 parallel tracks, dedicated to Android, Web and Cloud technologies",
            "longDes":"Lorem ipsum dolor sit amet consectetur adipisicing elit. Est, porro. Natus laboriosam enim deleniti totam voluptate! Temporibus quidem nostrum eveniet nisi aliquid, veniam facere rem, modi commodi at, corrupti itaque.s"
        },
        {
            "name":"Showcases",
            "des":"Demo zone with the latest of Google tech: Actions by Women in tech all in one place",
            "longDes":"Lorem ipsum dolor sit amet consectetur adipisicing elit. Est, porro. Natus laboriosam enim deleniti totam voluptate! Temporibus quidem nostrum eveniet nisi aliquid, veniam facere rem, modi commodi at, corrupti itaque.s"
        },
        {
            "name":"Networking",
            "des":"Work hard and enjoy IWD19 is the best place to meet new people",
            "longDes":"Lorem ipsum dolor sit amet consectetur adipisicing elit. Est, porro. Natus laboriosam enim deleniti totam voluptate! Temporibus quidem nostrum eveniet nisi aliquid, veniam facere rem, modi commodi at, corrupti itaque.s"
        },
        {
            "name":"Workshop",
            "des":"2 workshops to get your hands dirty and create a working prototype right during the conference",
            "longDes":"Lorem ipsum dolor sit amet consectetur adipisicing elit. Est, porro. Natus laboriosam enim deleniti totam voluptate! Temporibus quidem nostrum eveniet nisi aliquid, veniam facere rem, modi commodi at, corrupti itaque.s"
        }
    ]
}