[
    {
        "startTime":"09.00 AM",
        "topic":"Registration",
        "tag":"",
        "des":"Lorem ipsum dolor sit amet consectetur, adipisicing elit. Magnam, aliquam! Fugiat, voluptate neque maxime, recusandae suscipit perspiciatis "
    },
    {
        "startTime":"10.00 AM",
        "topic":"Welcome Keynote",
        "tag":"",
        "des":"Lorem ipsum dolor sit amet consectetur, adipisicing elit. Magnam, aliquam! Fugiat, voluptate neque maxime, recusandae suscipit perspiciatis "
    },
    {
        "startTime":"10.15 AM",
        "topic":"Session 1",
        "tag":"Mobile",
        "des":"Lorem ipsum dolor sit amet consectetur, adipisicing elit. Magnam, aliquam! Fugiat, voluptate neque maxime, recusandae suscipit perspiciatis "
    },
    {
        "startTime":"11.00 AM",
        "topic":"Session 2",
        "tag":"Web",
        "des":"Lorem ipsum dolor sit amet consectetur, adipisicing elit. Magnam, aliquam! Fugiat, voluptate neque maxime, recusandae suscipit perspiciatis "
    },
    {
        "startTime":"12.00 PM",
        "topic":"Session 3",
        "tag":"Web",
        "des":"Lorem ipsum dolor sit amet consectetur, adipisicing elit. Magnam, aliquam! Fugiat, voluptate neque maxime, recusandae suscipit perspiciatis "
    },
    {
        "startTime":"01.00 PM",
        "topic":"Session 4",
        "tag":"Cloud",
        "des":"Lorem ipsum dolor sit amet consectetur, adipisicing elit. Magnam, aliquam! Fugiat, voluptate neque maxime, recusandae suscipit perspiciatis "
    },
    {
        "startTime":"03.00 PM",
        "topic":"Session 5",
        "tag":"Cloud",
        "des":"Lorem ipsum dolor sit amet consectetur, adipisicing elit. Magnam, aliquam! Fugiat, voluptate neque maxime, recusandae suscipit perspiciatis "
    },
    {
        "startTime":"04.00 PM",
        "topic":"Session 6",
        "tag":"Web",
        "des":"Lorem ipsum dolor sit amet consectetur, adipisicing elit. Magnam, aliquam! Fugiat, voluptate neque maxime, recusandae suscipit perspiciatis "
    }

]